demo1@slackair.fr;demo1;Slackair
demo2@slackair.fr;demo2;Slackair
demo3@slackair.fr;demo3;Slackair
demo4@slackair.fr;demo4;Slackair
demo5@slackair.fr;demo5;Slackair
demo6@slackair.fr;demo6;Slackair
demo7@slackair.fr;demo7;Slackair
demo8@slackair.fr;demo8;Slackair
demo9@slackair.fr;demo9;Slackair
demo10@slackair.fr;demo10;Slackair
demo11@slackair.fr;demo11;Slackair
demo12@slackair.fr;demo12;Slackair
demo13@slackair.fr;demo13;Slackair
demo14@slackair.fr;demo14;Slackair
demo15@slackair.fr;demo15;Slackair
demo16@slackair.fr;demo16;Slackair
demo17@slackair.fr;demo17;Slackair
demo18@slackair.fr;demo18;Slackair
demo19@slackair.fr;demo19;Slackair
demo20@slackair.fr;demo20;Slackair
demo21@slackair.fr;demo21;Slackair